username,email,password,name,phone,bio,profile_image
fdillestone0,fdillestone0@tiny.cc,$2a$04$dq62bqv961FI9JnA/14YReEjH2HiSIcmw4N7vBVhw7wpRTUNhy4ui,고노부,830-454-4275,Yodo,http://dummyimage.com/140x100.png/5fa2dd/ffffff
nbroszkiewicz1,nbroszkiewicz1@tmall.com,$2a$04$3tE0ru8mYYgEUJf/SPhy/OL.tKytkwcr.oX3uahBNKG2wQVwSZ6xC,문웅황,196-836-7423,Bubbletube,http://dummyimage.com/240x100.png/5fa2dd/ffffff
tklaaassen2,tklaaassen2@walmart.com,$2a$04$v6XjXSjJiwzFB2K3PjI.VOPvdobSG/jxA7umrRrd0YrGWP2MBt6Ra,이근석,965-844-3766,Jatri,http://dummyimage.com/207x100.png/5fa2dd/ffffff
ispread3,ispread3@ezinearticles.com,$2a$04$/h4wB3tNM9tw2dxdvAMeje/g9PnCmBxXFMuqekaB0K/6cHnmpp6gS,설더문,547-242-8129,Topicshots,http://dummyimage.com/184x100.png/dddddd/000000
edurman4,edurman4@google.com.br,$2a$04$SgKnLEPHYE4dx3CMGqeUQeFvPdCeZb2FZswF64Oor4WGImcGd959m,백항고,764-775-5130,Rhynoodle,http://dummyimage.com/123x100.png/ff4444/ffffff
vtwiname5,vtwiname5@mapquest.com,$2a$04$FcynAftlAPFYwdLIioyX5ePeYKTleuFqryCoWTsT1EUh1oE767RF.,문라리,653-407-8190,Kwimbee,http://dummyimage.com/211x100.png/5fa2dd/ffffff
gfulep6,gfulep6@ning.com,$2a$04$9Rxk6viDJJ5pTrSCxZdLuuO1Ka9N.CZ4KU6rb2Nnlyg6mGD9J1RRK,양복모,798-868-2878,Yakitri,http://dummyimage.com/243x100.png/dddddd/000000
ekittredge7,ekittredge7@t-online.de,$2a$04$fkpPWd2eL5SjaIBwRj.j8uk8NyBWzKnK0HktNCAqOaTZrmz/LKoCq,변온성,780-978-6491,Shufflester,http://dummyimage.com/134x100.png/dddddd/000000
abecarra8,abecarra8@answers.com,$2a$04$raGztmidUNJzCp1WUK2NbuLMkN2oHXbQb1DeSwsfqX3Q4GZ8XWeOO,마창회,572-642-2825,Flipbug,http://dummyimage.com/223x100.png/dddddd/000000
emuckeen9,emuckeen9@bloglovin.com,$2a$04$IwZ2f2SesmjtI4DVkUt1R.wHtvU7My3VAAENtdo.pmRIuriecrdAy,옥호용,192-162-5467,Thoughtmix,http://dummyimage.com/130x100.png/dddddd/000000
mluxena,mluxena@elegantthemes.com,$2a$04$agzdGuzb9MARW3RKGTYXyOAxjBxSc6csNOvHGyzC1hj/kDZfzKB9m,정손여,754-829-1003,Chatterpoint,http://dummyimage.com/185x100.png/cc0000/ffffff
udib,udib@alibaba.com,$2a$04$Ksfy5vTjpShcZBnFc9.dXO2NR4vaNcmikTXQtBuSH2zqZZw0E92nW,류누중,637-452-4764,Voonder,http://dummyimage.com/159x100.png/5fa2dd/ffffff
helesc,helesc@netvibes.com,$2a$04$l523xbovte/89HSwfzxyHO1N9hCUx4I7hc3G.y/PvMz17LmkZNZyy,반혼동,520-255-6302,Twitterwire,http://dummyimage.com/126x100.png/dddddd/000000
jbehned,jbehned@slideshare.net,$2a$04$8IfjTqNxZCwTUcB9dP4MJOvtqYCtPOpZtQp.vSV740jl9xO6EfPQq,오하빈,550-685-4978,Myworks,http://dummyimage.com/207x100.png/dddddd/000000
mcostye,mcostye@nasa.gov,$2a$04$VWTBYqxYcyPZUFQsscDdNua.iuAsSeU2mhHtE4jIkV6Ann3rl/1a.,함들옥,486-467-5807,Photolist,http://dummyimage.com/235x100.png/ff4444/ffffff
nhurleyf,nhurleyf@uiuc.edu,$2a$04$Xjm1akdQNlZLd.v/RFV2J.GvS5/FgqDOkVMtzH9ysHbvVHj0spZ/S,염뜸추,565-452-7138,Dabshots,http://dummyimage.com/225x100.png/5fa2dd/ffffff
missakovg,missakovg@mail.ru,$2a$04$JP.jpfRHWg4gckQ5LuUEvOK29BUSh6An/arlynvRXdh2Poi292W3u,정탁중,746-265-2678,Cogibox,http://dummyimage.com/143x100.png/cc0000/ffffff
gtoyneh,gtoyneh@ft.com,$2a$04$dhn7QfFc5lV6Q1sxm8vlBO9D93JkPW3BE4TZtl6NsWknC2h/8uCSy,구박단,230-646-3959,Bubblemix,http://dummyimage.com/199x100.png/5fa2dd/ffffff
gspeari,gspeari@e-recht24.de,$2a$04$7HUFSNhuVK5F4gR.Y7FMWe1OWpk9oML0M3gn83hobN/hVIV9N5ME.,유보효,514-673-9726,Babbleopia,http://dummyimage.com/226x100.png/5fa2dd/ffffff
nmcbeanj,nmcbeanj@nhs.uk,$2a$04$V5Ll9O52of897L5TlAIK6u3OWstTyvVHg5Bh9bsaOTCjTxQVYcxqe,금욱려,151-436-0236,Kwideo,http://dummyimage.com/244x100.png/dddddd/000000
cfilank,cfilank@biblegateway.com,$2a$04$xhFwq9LjB6fKuIe/qHB8/eEiPy6a.gCZtSATAa9oJWqviaSicAFoi,설늘비,321-532-6821,Avamm,http://dummyimage.com/109x100.png/dddddd/000000
vsimnorl,vsimnorl@google.com,$2a$04$HsayueyAIMYg7lnhhHt1l.BxUT.5Tg9dCvLIKSzjoduWwefIRZij.,편린철,282-844-9940,Realcube,http://dummyimage.com/163x100.png/cc0000/ffffff
cplumtreem,cplumtreem@noaa.gov,$2a$04$NABMDlojvlOUFZDMtz/TsevYtF2q43Yenh1PIooDQ7ps0dYOEyIEa,우로택,854-441-5399,Zoombeat,http://dummyimage.com/104x100.png/5fa2dd/ffffff
adonizeaun,adonizeaun@a8.net,$2a$04$FGOb42Pm6jk5zpHoKEZPseCVQB1o30Uo3kr4XwAC9/dhcINb3t9r6,인순장,794-292-3529,Trilith,http://dummyimage.com/104x100.png/5fa2dd/ffffff
yaslingo,yaslingo@free.fr,$2a$04$ZxcmqwW3pG0UMeTXI4GDHuFBwoiV3wyEIMmjV8chyu6UeJwKzfc5S,송황실,999-276-9329,Skibox,http://dummyimage.com/243x100.png/ff4444/ffffff
hmclanaghanp,hmclanaghanp@pagesperso-orange.fr,$2a$04$ebXSPtywd5YGVy71//tOGOxDeu3CCrm9g12xd5FiUWDoWAfO/uOWy,남순자,893-365-4531,Wikivu,http://dummyimage.com/205x100.png/cc0000/ffffff
jwarboysq,jwarboysq@prlog.org,$2a$04$Xq2bUWiNXwmIGRFdC9FHju6QsQZGDuHTrcehj13eeD53QC7s/5odW,주더한,300-414-0013,Realcube,http://dummyimage.com/158x100.png/dddddd/000000
adavenhillr,adavenhillr@naver.com,$2a$04$iE1ayAeoujkIDGRk6Drx7.gGL/a2npmWH713BcynXuNzP88naJZXK,류상만,562-705-0737,Wikibox,http://dummyimage.com/179x100.png/ff4444/ffffff
hmushets,hmushets@microsoft.com,$2a$04$ddRNLk/ey1gLFaEvPhV4nOSqHmIfBzfh3gvbSChlg48i3JgXn8TXi,신홍우,205-178-7985,Quatz,http://dummyimage.com/196x100.png/ff4444/ffffff
sbraggt,sbraggt@blogspot.com,$2a$04$WHv3geIT21Ns6dHBD.obXeJsveArcso9ko.TgcVG7x6NIv1H5eD0q,천온훔,257-376-2457,Skiba,http://dummyimage.com/184x100.png/5fa2dd/ffffff
djonuziu,djonuziu@google.com.br,$2a$04$BXSf92ZAMcX7e46b2pVidOYTi68DaFb.xfEgBG1Uf2rzkoVzYEIyK,황출열,791-495-7780,Blogtags,http://dummyimage.com/173x100.png/cc0000/ffffff
gosbaldestonv,gosbaldestonv@ustream.tv,$2a$04$MtyWeI1Eb9aYFFBmo9sD5exXZDTmnyUpG6IPk1uHYhmNMvztB3B6e,배초근,720-222-8525,Cogibox,http://dummyimage.com/250x100.png/cc0000/ffffff
rbolfw,rbolfw@sohu.com,$2a$04$Y9VwAPAVSbMWsAGv4zBHW.9jzIHLv/I1k1rCeVy4uQ44baKCzBO7K,왕문배,159-437-3848,Zazio,http://dummyimage.com/124x100.png/cc0000/ffffff
jabbattx,jabbattx@vistaprint.com,$2a$04$cfbK5TUBik4PP5eO0VT73uYQWVP3nbtBwJQ5JecgTf7Q3pqz6L3Qy,전인채,262-883-3226,Edgeify,http://dummyimage.com/231x100.png/5fa2dd/ffffff
nmowdayy,nmowdayy@goo.ne.jp,$2a$04$P6y.A3CBZfeNLacg7jqDeus2oe4Y/T1GIOBglBQLQdHcYjtkOkbTe,정익근,741-277-2343,Trilia,http://dummyimage.com/158x100.png/5fa2dd/ffffff
rmawerz,rmawerz@canalblog.com,$2a$04$YN8SfN0eaVXtnTy9omab8e9PyGro0qrpMsqIUFCC3Tux35DxKjUDi,송단구,238-943-2876,Twinder,http://dummyimage.com/127x100.png/ff4444/ffffff
fbewsey10,fbewsey10@bluehost.com,$2a$04$e2M0SuN7kycG9zU5j4CcKeJCJ0WBUX1R2q014eTj4/LtWiT0a7BYe,석흔혜,304-267-9256,Blognation,http://dummyimage.com/122x100.png/ff4444/ffffff
ktuson11,ktuson11@ftc.gov,$2a$04$uLT9MDbU.L57zDtPvw4t4uz2XgmN/aQETLrTqVmRNhpoeW1NmT.7y,남진삼,889-121-4778,Jaxnation,http://dummyimage.com/173x100.png/5fa2dd/ffffff
cepton12,cepton12@over-blog.com,$2a$04$NoRVahD/QfTFQtoc2APZ8ej5VlHZCEyB5OBkF6FzhrChsF1YddUse,금별세,196-770-6539,Demivee,http://dummyimage.com/159x100.png/dddddd/000000
aenefer13,aenefer13@walmart.com,$2a$04$1Zl5kOWxLYLrWsXsHDhCouzWWvUgwuk2qQ9cQ2iwzsu4ciu42CPE6,제익량,221-361-9008,Kazu,http://dummyimage.com/112x100.png/cc0000/ffffff
bmuckle14,bmuckle14@goo.ne.jp,$2a$04$xbb8PCRC8IeG/DmSNkWituouJldzlKawUKNs432R4VOP69XGEu3ym,명두반,863-965-8443,Bubbletube,http://dummyimage.com/225x100.png/cc0000/ffffff
rtace15,rtace15@networkadvertising.org,$2a$04$kWXk1FkCMI1PhMqVS1M/s..qmvxvr8I5bg5F55o4a4IfnjILkEw1O,정항종,330-323-6792,Riffwire,http://dummyimage.com/175x100.png/5fa2dd/ffffff
jkinforth16,jkinforth16@cocolog-nifty.com,$2a$04$3EyW/2BT/Gf4/FR77UgGTuSfd2XpFxkcPWW6Y5WSH.q8qBMnyxHOC,염디익,114-496-2361,Kanoodle,http://dummyimage.com/129x100.png/cc0000/ffffff
amorgan17,amorgan17@engadget.com,$2a$04$U0UeucMTrGLvLtuRgWrEBeWalGhzph/3pcbi7CHwqTVS3R751TRse,진배서,176-567-9737,Nlounge,http://dummyimage.com/188x100.png/ff4444/ffffff
relcoate18,relcoate18@goodreads.com,$2a$04$cpoXC5PHeNHF4GzGNPSyA.uHr2hOFVjLIOVQ36ndR0M39a8QvSFa.,장란헌,314-659-8540,Gigaclub,http://dummyimage.com/121x100.png/5fa2dd/ffffff
qflaws19,qflaws19@dot.gov,$2a$04$Mt40pTu976FahfehaeA42eynWXdxXn2nkndid1E/7JewNROWBm1lO,안묵림,840-155-1106,Photobug,http://dummyimage.com/246x100.png/ff4444/ffffff
dmostin1a,dmostin1a@nationalgeographic.com,$2a$04$VdbiEMQO7u53a6EQL.SE7.98Okv/SpmeWNSJdJ78dyY6kaQq/eHJK,하태으,771-852-4043,Jayo,http://dummyimage.com/231x100.png/5fa2dd/ffffff
rmacalroy1b,rmacalroy1b@sciencedaily.com,$2a$04$M3jAJXDjXVuxBJUOJcABT.w9u2vwK044YACVyGnlrZUr5einR6C2m,엄을웅,344-264-7005,Fivespan,http://dummyimage.com/227x100.png/ff4444/ffffff
kmullenger1c,kmullenger1c@nytimes.com,$2a$04$PqIOTxqZAhSk6O4BDFcxeOdlj3wCavSfE.NO.EyIleK3ljYx11V4m,양련설,188-457-2609,Twinder,http://dummyimage.com/101x100.png/dddddd/000000
